At,1
the,39
Taste,2
of,27
Lahore,2
launch,1
event,1
at,5
packagesmallofficial,4
Everyone,1
must,3
go,1
and,87
experience,1
it,55
lahore,4
thank,1
you,14
for,45
wonderful,1
reception,1
Stuffed,3
Achari,3
Turai,2
A,4
new,2
unique,1
recipe,23
today,3
Try,3
Recipe,7
enjoy,4
HappyCookingToyou,1
ShanSpices,1
Torai,2
Serves,3
in,28
English,5
Ingredients,15
Tamatar,1
Tomatoes,2
cubed,1
medium,4
Achar,1
gosht,2
masala,13
tbs,36
Sarson,2
ka,3
tel,2
Mustard,4
oil,27
Lemon,3
juice,4
Ridge,1
gourd,3
g,1
Hari,4
mirch,14
Green,9
chilli,8
Cup,12
Zeera,3
Cumin,6
seeds,15
Kalonji,1
Nigella,1
tsp,114
Rai,1
dana,1
Dried,2
red,17
chillies,3
Kary,1
pata,1
Curry,3
leaves,11
Adrak,6
lehsan,4
paste,24
Ginger,8
garlic,17
Pyaz,6
Onion,11
sliced,3
large,2
Namak,8
Salt,20
or,14
to,25
taste,9
Lal,5
powder,67
Red,15
Haldee,4
Turmeric,5
Garam,4
Kasuri,1
meethi,1
fenugreek,2
Directions,5
In,34
grinder,1
add,41
tomatoes,2
grind,1
well,37
set,5
aside,5
bowl,13
achar,3
mustard,4
lemon,3
mix,29
Peel,1
ridge,2
cut,4
into,12
three,1
pieces,6
slit,1
from,7
center,1
stuffed,4
with,30
prepared,4
Slid,1
green,9
wok,4
bring,1
smoke,5
cumin,8
nigella,1
dried,2
Add,26
curry,3
ginger,9
onion,14
fry,13
until,15
translucent,1
grinded,1
tomato,9
salt,20
turmeric,5
garam,4
cook,8
separates,2
Now,8
cover,5
on,32
low,7
flame,7
minutes,23
simmer,2
serve,5
quick,4
simple,2
potato,2
salad,2
Do,2
make,10
happycookingtoyou,2
instafood,1
foodfusion,3
recipes,2
cravings,1
foodies,2
foodlovers,2
foodporn,10
foodstyling,1
foodoftheday,1
yummy,7
potatosalad,1
Mantu,3
Our,1
take,5
famous,1
Afghan,1
dish,1
Something,1
different,1
yet,1
tasty,1
HappyCookingToYou,5
Yogurt,3
Sauce,5
Dahi,2
whisked,2
Lehsan,3
Garlic,9
Prepare,8
Lentil,2
topping,2
Chana,2
Daal,2
Oil,9
chopped,12
Tomato,3
Chanay,3
ki,1
daal,1
Split,1
bengal,2
gram,2
boiled,2
Pani,5
Water,12
Mince,2
Beef,12
qeema,3
mince,7
gms,1
finely,1
Kali,3
Black,7
pepper,12
chili,15
Dhania,1
Coriander,4
chilies,6
Podina,2
Mint,2
Hara,4
dhania,3
Fresh,2
coriander,10
Dough,2
Dumplings,2
Maida,2
All,2
purpose,4
flour,13
Cups,2
as,2
required,2
yogurt,2
whisk,3
golden,6
brown,4
split,1
remaining,1
water,15
put,2
pot,1
beef,4
dries,1
black,7
mint,2
fresh,11
Cover,3
all,5
gradually,1
knead,2
dough,10
is,16
formed,2
let,1
rest,3
again,2
smooth,2
full,1
written,1
visit,1
link,1
https,1
www,1
youtube,1
com,1
watch,1
v,1
RVhb,1
TJFmg,1
Thank,2
fantastic,1
welcome,1
We,3
enjoyed,1
meeting,1
each,4
every,2
one,5
are,9
taking,1
back,1
some,6
great,1
memories,1
us,2
Special,2
thanks,2
making,1
this,17
possible,1
asadsmemon,1
saimamustafa,1
Reshmi,3
Kabab,6
The,1
best,1
will,2
find,2
Make,7
them,2
share,1
friends,2
family,4
kg,5
Kacha,2
papita,2
Raw,2
papaya,4
slices,6
Bread,6
roasted,6
crushed,4
Chickpea,3
Coconut,1
Cream,1
Makhan,1
Butter,6
Koyla,2
Coal,1
frying,9
raw,2
marinate,3
hours,1
refrigerator,2
chopper,2
leave,1
bread,7
chop,3
marinated,3
chickpea,3
coconut,1
cream,1
butter,8
combined,2
Give,1
a,50
coal,1
Grease,2
hands,2
generously,1
mixture,11
kebebs,1
grill,1
pan,16
heat,3
kebabs,3
side,1
Galawati,3
try,3
soft,3
kabab,1
home,2
Kebab,1
fried,4
Curd,5
hanged,1
Chickpeas,1
Badam,1
Almonds,1
Darchini,1
Cinnamon,1
stick,2
elaichi,1
cardamom,3
Sabut,1
kali,1
corns,2
Laung,1
Cloves,2
Jaifil,1
Nutmeg,1
piece,1
Javatri,1
Mace,1
strands,1
Kala,1
zeera,1
Charcoal,1
hour,3
blender,1
curd,5
blend,2
chickpeas,1
almonds,1
cinnamon,1
cloves,2
nutmeg,1
mace,1
roast,1
fragrant,1
spice,1
mill,1
spices,2
fine,1
ground,1
give,2
charcoal,1
your,9
patties,1
equal,1
sizes,1
both,3
sides,3
She,1
has,2
arrived,1
was,1
missing,1
her,1
already,1
Looking,3
forward,2
tomorrow,1
s,5
meetup,2
oct,1
pm,1
Are,1
ready,1
Food,2
Fusion,1
Meetup,1
really,1
looking,1
seeing,1
our,9
Packages,1
Mall,1
You,4
next,1
Entrance,1
th,1
October,1
PM,1
Sharp,1
FoodFusion,2
PackagesMall,1
Restaurant,2
Style,2
Dragon,3
Chicken,12
Knorr,5
strips,2
Anda,1
Egg,5
Soy,2
sauce,10
chicken,11
Cornflour,2
Cooking,4
Shimla,1
Capsicum,5
julienne,2
bell,2
Kaju,1
Cashew,1
nuts,3
ketchup,5
Cheeni,1
Sugar,5
pyaz,1
Safed,1
til,1
Sesame,1
egg,2
soy,2
cornflour,4
cooking,4
capsicum,5
stir,2
out,7
cashew,2
light,1
sugar,5
corn,3
dissolve,1
vegetables,1
good,2
sesame,1
Nivala,1
short,1
film,1
tbt,1
instagram,1
food,2
zerohunger,1
Feeling,1
hungry,1
Grab,1
Laccha,2
Paratha,2
Roll,6
Happy,4
Check,4
complete,3
social,3
handles,3
Facebook,3
yourfoodlab,9
YouTube,3
Instagram,4
foodie,20
foodislife,9
igfood,9
delicious,16
foodlover,9
ilovefood,9
homemade,10
comfortfood,9
streetfood,9
indiancuisine,9
yfl,9
Yourfoodlab,9
Kande,1
Pohe,1
by,11
Chef,9
sanjyotkeer,6
Multigrain,1
Methi,1
Thepla,1
Mayo,1
Sandwich,1
Veg,3
Kurkure,1
Sunday,3
Soya,2
Tikki,2
Friday,1
Foodies,1
Pahadi,1
Tag,1
comments,1
section,1
below,1
Sev,2
khamani,2
snack,10
made,5
crumbled,3
khaman,2
dhoklas,1
cup,43
Flour,7
Paste,2
Asafoetida,2
Powder,14
Fruit,1
tbsp,23
Seeds,1
Chilies,2
Leaves,2
Juice,2
Method,10
Combine,4
fruit,1
asafoetida,2
Mix,8
Take,4
dhokla,5
apply,1
Pour,2
boiler,1
keep,2
lid,2
small,4
fingers,1
Serve,6
sprinkle,2
sev,2
pomegranate,2
foodrush,9
sevkhamani,1
khamandhokla,1
gujratidish,1
This,2
mouth,2
watering,2
cheesy,1
schezwan,2
sandwich,4
meal,1
prepare,2
It,4
very,3
enjoyable,1
flavors,1
Slice,2
Processed,1
Cheese,6
Cabbage,2
Carrot,2
Schezwan,1
Pepper,2
cabbage,2
carrot,2
processed,1
cheese,6
Spread,3
veggies,2
shredded,2
Keep,3
another,1
slice,1
shallow,3
Cut,1
cheesysandwich,1
schezwansandwich,1
cheesyschezwansandwich,1
breadrecipe,1
Smooth,1
malaidar,1
Kharvas,1
Milk,3
Hung,1
Corn,4
Condensed,1
milk,5
condensed,1
hung,1
Stir,1
properly,3
tray,1
size,2
steel,1
coaster,1
Sprinkle,1
refrigerate,1
kharvas,2
milkrecipe,1
Masala,3
peanut,3
such,1
which,3
popular,1
tea,2
time,3
common,1
across,1
many,1
cuisines,1
can,6
be,4
rustled,1
up,1
Peanut,1
Chili,9
Aamchur,1
Kashmiri,3
Rice,1
aamchur,1
kashmiri,3
rice,1
peanuts,2
turns,3
crisp,4
Eat,1
anytime,1
masalapeanut,1
peanutmasala,1
groundnut,1
masalagroundnut,1
spicypeanut,1
peanutmasalarecipe,1
Shawarma,2
more,1
special,1
delightful,1
shawarma,3
For,1
Roti,1
Refined,3
Dry,1
Active,1
Yeast,1
dry,1
active,1
yeast,1
refined,3
Marinate,1
cucumber,1
Form,1
balls,1
flatten,2
ball,2
Cook,3
mayonnaise,2
between,2
Again,1
Wrap,1
paper,1
chickenshawarma,1
nonveg,1
Maggi,6
Love,1
Omelette,1
Packet,2
Maker,1
Eggs,2
cups,2
packets,1
noodles,2
packet,1
maggi,3
tastemaker,1
eggs,5
pour,1
shape,1
like,2
an,3
omelette,2
After,1
flip,1
maggiomelette,1
breakfast,1
Paneer,3
vegetarian,1
appetizer,2
paneer,4
then,3
tossing,1
spicy,1
gm,2
cube,1
coat,1
Fry,1
merge,1
Saute,1
hot,3
paneerrecipe,1
starter,3
Shakshuka,1
poached,1
easy,3
flavorful,1
definitely,1
Italian,2
Herbs,1
Flakes,1
herbs,1
flakes,1
also,2
that,2
shakshuka,2
eggrecipe,1
Pizza,4
scrumptious,2
everyone,1
perfect,1
if,1
craving,1
pizza,4
roll,2
jiffy,1
Mozzarella,1
edges,1
Apply,1
mozzarella,1
these,1
pizzabreadroll,1
pizzaroll,1
breadroll,1
breadslice,1
Need,1
party,1
Katori,6
chaat,5
refers,1
canopies,1
filled,1
potatoes,2
chutneys,1
Pomegranate,1
Imli,1
Chutney,2
Sweetened,1
Roasted,1
Peanuts,1
Dal,2
Boiled,1
Potato,4
purified,1
Pinch,1
sized,1
prick,1
flattened,1
fork,1
Place,2
wrap,1
Deep,1
splash,1
till,2
katori,1
assembling,1
plate,1
sweetened,1
chutney,2
imli,1
katorichaat,1
Cajun,2
Spiced,2
Rock,1
parties,1
elegant,1
using,1
McCain,2
Chilli,1
Bites,1
varuninamdar,3
always,1
about,2
eating,1
those,1
love,1
WorldFoodDay,1
Baked,2
Potatoes,2
ultimate,1
comfort,1
chilly,1
evenings,1
Perfect,1
crispy,2
outside,1
nice,1
fluffy,1
inside,1
Full,3
bit,3
ly,3
DK,1
Xq,1
bakedpotatoes,1
bakedcheesepotatoes,1
readily,1
available,1
ingredients,2
Don,1
t,1
worry,1
chefruchibharani,1
here,3
favorite,1
Mathri,1
aka,1
Mathi,1
mathri,1
mathi,1
easyrecipes,2
Wishing,1
happy,1
birthday,1
Have,1
ever,1
wondered,1
how,3
Biscuits,2
search,1
ends,1
Learn,1
tempting,2
after,1
Tea,1
needs,1
companion,1
what,2
better,1
Biscuit,1
sEAAI,1
cheesebiscuits,1
biscuit,1
know,1
someone,1
who,3
following,1
diet,1
plan,1
dietplan,1
Chatpata,2
Naan,2
Worried,1
guest,1
festive,1
season,1
Festive,1
Magic,1
series,1
episode,1
learn,1
naan,1
crunchy,1
aloo,1
tikki,1
No,10
resist,1
melty,1
grilled,1
tWjrz,1
grilledcheesesandwich,1
grilledsandwich,1
cheesesandwich,1
Nuggets,1
chefbhumika,1
just,1
few,1
cheesenuggets,1
cheeseballs,1
quickrecipes,1
not,1
WORD,1
An,1
EMOTION,1
REPOSTING,9
bae,11
eatlocal,9
eeeeeats,9
streetphotography,8
eatingfortheinsta,9
Ever,1
Had,1
FRIZZAA,1
Suggest,1
me,3
any,1
place,1
Fries,2
Delhi,1
pizzafries,1
How,1
Many,1
legs,1
eat,1
Comment,1
Below,1
GT,1
Road,1
Cp,1
So,1
Finally,1
we,1
K,1
now,1
so,1
much,1
person,1
supported,1
motivated,1
my,6
Fam,1
have,1
loved,1
work,1
throughout,1
journey,1
Following,1
Droolworthy,2
Content,1
k,1
milestone,1
Delicious,1
Burger,1
BILLU,1
S,1
OMELLETE,1
POINT,1
Subhash,1
Nagar,1
Near,1
Mirage,1
Cinema,1
Breakfast,1
Scenes,1
Favourite,2
pacifichotels,1
Dehradun,1
Whats,1
Your,1
Pick,1
Mine,1
would,1
Vada,1
Sambar,1
Enjoying,1
Meal,2
gulati,1
restaurant,1
On,1
Table,1
Handi,1
Makhani,1
Parantha,1
Mutton,1
Galouti,1
start,1
day,1
These,1
Brahmaputra,1
Market,1
Noida,1
That,1
looks,1
Cheesy,2
Juicy,1
Burgers,1
Shakes,1
Shake,1
Co,1
Kailash,1
Colony,1
huffposttaste,1
Is,1
need,1
Hour,1
huffpost,1
